{
  "client": {
    "dmgParticleConfig": {
      "ENABLE_CHAT_EXP_MSG": true,
      "ENABLE_FLOATING_DMG": true,
      "GRAVITY": 0.15,
      "START_SIZE": 0.5,
      "MAX_SIZE": 2.0,
      "LIFESPAN": 20.0,
      "SPEED": 0.003,
      "GROWS": true
    },
    "RENDER_MOB_HEALTH_GUI": true,
    "ONLY_RENDER_MOB_LOOKED_AT": true,
    "SHOW_LOW_ENERGY_MANA_WARNING": true,
    "USE_RIGHT_CLICK_FOR_SPELL_CASTING": false,
    "RENDER_SIMPLE_MOB_BAR": true,
    "RENDER_AREA_INDICATOR": true,
    "REMOVE_EMPTY_TOOLTIP_LINES_IF_MORE_THAN_X_LINES": 32,
    "LEFT_VANILLA_LIKE_BARS_Y__POS_ADJUST": 0,
    "RIGHT_VANILLA_LIKE_BARS_Y__POS_ADJUST": 0,
    "PLAYER_GUI_TYPE": "RPG"
  },
  "Server": {
    "ALL_PLAYERS_ARE_TEAMED_PVE_MODE": false,
    "LOG_REGISTRY_ENTRIES": false,
    "GET_STARTER_ITEMS": true,
    "ALWAYS_SCALE_MOB_LEVEL_TO_PLAYER": false,
    "SAVE_GEAR_AND_HOTBAR_ON_DEATH": false,
    "ENABLE_LOOT_ANNOUNCEMENTS": true,
    "SCALE_ENVIRO_DMG_TO_LEVEL": false,
    "REGEN_HUNGER_COST": 10.0,
    "EXP_LOSS_ON_DEATH": 0.05000000074505806,
    "LEVEL_DISTANCE_PENALTY_PER_LVL": 0.019999999552965164,
    "LEVEL_DISTANCE_PENALTY_MAX": 0.949999988079071,
    "LEVELS_NEEDED_TO_START_LVL_PENALTY": 3,
    "EXTRA_MOB_STATS_PER_LEVEL": 0.009999999776482582,
    "STAT_POINTS_PER_LVL": 1.0,
    "TALENT_POINTS_AT_MAX_LEVEL": 100.0,
    "STARTING_TALENT_POINTS": 1.0,
    "SPELL_POINTS_AT_MAX_LEVEL": 20.0,
    "STARTING_SPELL_POINTS": 2.0,
    "VANILLA_MOB_DMG_AS_EXILE_DMG": 0.5,
    "PVP_DMG_MULTI": 1.0,
    "IGNORED_ENTITIES": [
      "minecraft:bat",
      "minecraft:squid",
      "minecraft:cod",
      "minecraft:ocelot",
      "minecraft:parrot",
      "minecraft:pig",
      "minecraft:pufferfish",
      "minecraft:salmon",
      "minecraft:rabbit",
      "minecraft:turtle",
      "minecraft:tropical_fish",
      "minecraft:sheep",
      "minecraft:fox",
      "minecraft:mule",
      "minecraft:donkey",
      "minecraft:cow"
    ],
    "MAX_LEVEL": 50
  },
  "Favor": {
    "ENABLE_FAVOR_SYSTEM": true,
    "FAVOR_GAIN_PER_CHEST_LOOTED": 30.0
  },
  "ItemSealing": {
    "ENABLE_SEALING_FEATURE": true,
    "START_AT_LEVEL": 20,
    "BASE_INSTABILITY_MULTI": 0.1,
    "ALWAYS_SEAL_AT_X_INSTABILITY": 1000.0,
    "EXTRA_INSTABILITY_MULTI_AT_MAX_LEVEL": 1.0
  },
  "DropRates": {
    "GEAR_DROPRATE": 5.0,
    "GEM_DROPRATE": 0.8,
    "RUNE_DROPRATE": 0.4,
    "CURRENCY_DROPRATE": 1.0,
    "LVLING_REWARD_DROPRATE": 0.1
  },
  "autoCompatibleItems": {
    "ENABLE_AUTOMATIC_COMPATIBLE_ITEMS": false,
    "BLACKLISTED_MODS_FROM_AUTO_CONFIG": [],
    "BLACKLISTED_ITEMS_FROM_AUTO_CONFIG": [
      "minecraft:wooden_axe",
      "minecraft:stone_axe",
      "minecraft:golden_axe",
      "minecraft:iron_axe",
      "minecraft:diamond_axe"
    ],
    "MAX_SINGLE_STAT_VALUE": 50,
    "MAX_TOTAL_STATS": 200,
    "TIER_0": {
      "MAX_LEVEL": 5,
      "POWER_REQ_MIN": 0.0,
      "POWER_REQ_MAX": 0.15000000596046448,
      "CAN_BE_SALVAGED": false
    },
    "TIER_1": {
      "MAX_LEVEL": 10,
      "POWER_REQ_MIN": 0.15000000596046448,
      "POWER_REQ_MAX": 0.25,
      "CAN_BE_SALVAGED": false
    },
    "TIER_2": {
      "MAX_LEVEL": 20,
      "POWER_REQ_MIN": 0.25,
      "POWER_REQ_MAX": 0.5,
      "CAN_BE_SALVAGED": false
    },
    "TIER_3": {
      "MAX_LEVEL": 30,
      "POWER_REQ_MIN": 0.5,
      "POWER_REQ_MAX": 0.800000011920929,
      "CAN_BE_SALVAGED": false
    },
    "TIER_4": {
      "MAX_LEVEL": 40,
      "POWER_REQ_MIN": 0.800000011920929,
      "POWER_REQ_MAX": 0.8999999761581421,
      "CAN_BE_SALVAGED": false
    },
    "TIER_5": {
      "MAX_LEVEL": 50,
      "POWER_REQ_MIN": 0.8999999761581421,
      "POWER_REQ_MAX": 1.0,
      "CAN_BE_SALVAGED": false
    }
  },
  "statScalings": {
    "NORMAL_STAT_SCALING": {
      "LEVEL_AND_STAT_GROWTH": [
        {
          "min_lvl": 0.0,
          "max_lvl": 0.2,
          "stat_growth_min": 1.1,
          "stat_growth_max": 2.0
        },
        {
          "min_lvl": 0.2,
          "max_lvl": 0.4,
          "stat_growth_min": 2.0,
          "stat_growth_max": 10.0
        },
        {
          "min_lvl": 0.4,
          "max_lvl": 0.8,
          "stat_growth_min": 10.0,
          "stat_growth_max": 40.0
        },
        {
          "min_lvl": 0.8,
          "max_lvl": 1.0,
          "stat_growth_min": 40.0,
          "stat_growth_max": 100.0
        }
      ]
    },
    "SLOW_STAT_SCALING": {
      "LEVEL_AND_STAT_GROWTH": [
        {
          "min_lvl": 0.0,
          "max_lvl": 1.0,
          "stat_growth_min": 1.0,
          "stat_growth_max": 2.0
        }
      ]
    },
    "KILLS_NEEDED_PER_LEVEL": {
      "LEVEL_AND_STAT_GROWTH": [
        {
          "min_lvl": 0.0,
          "max_lvl": 0.2,
          "stat_growth_min": 2.0,
          "stat_growth_max": 15.0
        },
        {
          "min_lvl": 0.2,
          "max_lvl": 0.4,
          "stat_growth_min": 15.0,
          "stat_growth_max": 40.0
        },
        {
          "min_lvl": 0.4,
          "max_lvl": 0.8,
          "stat_growth_min": 40.0,
          "stat_growth_max": 100.0
        },
        {
          "min_lvl": 0.8,
          "max_lvl": 1.0,
          "stat_growth_min": 100.0,
          "stat_growth_max": 2500.0
        }
      ]
    }
  },
  "foodEffects": {
    "ENABLE_FOOD_EFFECTS": true,
    "ENABLE_AUTO_FOOD_COMPATIBILITY": true,
    "FOOD_IS_ALWAYS_EDIBLE": true
  }
}