{"mcdw:exploding":{"orderIndex":45,"color":12915514},"mcdw:shockwave":{"orderIndex":54,"color":12915514},"minecraft:luck_of_the_sea":{"orderIndex":27,"color":4974672},"minecraft:thorns":{"orderIndex":7,"color":5639435},"minecraft:sweeping":{"orderIndex":18,"color":16757505},"betterend:end_veil":{"orderIndex":71,"color":12915514},"minecraft:feather_falling":{"orderIndex":2,"color":16773329},"minecraft:flame":{"orderIndex":25,"color":16741654},"mcdw:growing":{"orderIndex":65,"color":12915514},"minecraft:binding_curse":{"orderIndex":10,"color":2575646},"mcdw:charge":{"orderIndex":63,"color":12915514},"mcdw:ricochet":{"orderIndex":68,"color":12915514},"mcdw:tempo_theft":{"orderIndex":69,"color":12915514},"minecraft:projectile_protection":{"orderIndex":4,"color":13422037},"magna:gigantism_curse":{"orderIndex":73,"color":12915514},"mcdw:freezing":{"orderIndex":46,"color":12915514},"walljump:walljump":{"orderIndex":74,"color":12915514},"minecraft:smite":{"orderIndex":13,"color":12541742},"minecraft:frost_walker":{"orderIndex":9,"color":9483519},"mcdw:replenish":{"orderIndex":67,"color":12915514},"minecraft:punch":{"orderIndex":24,"color":6314848},"minecraft:sharpness":{"orderIndex":12,"color":12915514},"mcdw:enigma_resonator":{"orderIndex":44,"color":12915514},"minecraft:efficiency":{"orderIndex":19,"color":16773476},"mcdw:poison_cloud":{"orderIndex":50,"color":12915514},"minecraft:lure":{"orderIndex":28,"color":16711680},"mcdw:prospector":{"orderIndex":51,"color":12915514},"minecraft:fire_aspect":{"orderIndex":16,"color":16741654},"mcdw:gravity":{"orderIndex":47,"color":12915514},"minecraft:piercing":{"orderIndex":35,"color":3373904},"minecraft:unbreaking":{"orderIndex":21,"color":6042448},"biomemakeover:decay_curse":{"orderIndex":72,"color":12915514},"minecraft:riptide":{"orderIndex":31,"color":11325425},"minecraft:quick_charge":{"orderIndex":34,"color":16711680},"origins:water_protection":{"orderIndex":38,"color":12915514},"mcdw:weakening":{"orderIndex":60,"color":12915514},"minecraft:fortune":{"orderIndex":22,"color":16758363},"mcdw:bonus_shot":{"orderIndex":61,"color":12915514},"minecraft:fire_protection":{"orderIndex":1,"color":12888741},"minecraft:knockback":{"orderIndex":15,"color":6314848},"minecraft:mending":{"orderIndex":36,"color":13303649},"mcdw:radiance_shot":{"orderIndex":66,"color":12915514},"minecraft:power":{"orderIndex":23,"color":12915514},"mcdw:stunning":{"orderIndex":57,"color":12915514},"mcdw:critical_hit":{"orderIndex":40,"color":12915514},"mcdw:leeching":{"orderIndex":49,"color":12915514},"minecraft:aqua_affinity":{"orderIndex":6,"color":7240439},"mcdw:echo":{"orderIndex":43,"color":12915514},"mcdw:fuse_shot":{"orderIndex":64,"color":12915514},"minecraft:vanishing_curse":{"orderIndex":37,"color":1511968},"minecraft:blast_protection":{"orderIndex":3,"color":4468322},"minecraft:impaling":{"orderIndex":30,"color":12915514},"mcdw:anima_conduit":{"orderIndex":39,"color":12915514},"minecraft:bane_of_arthropods":{"orderIndex":14,"color":1003872},"mcdw:jungle_poison":{"orderIndex":48,"color":12915514},"minecraft:silk_touch":{"orderIndex":20,"color":16777215},"mcdw:radiance":{"orderIndex":52,"color":12915514},"minecraft:looting":{"orderIndex":17,"color":16758363},"mcdw:chain_reaction":{"orderIndex":62,"color":12915514},"minecraft:depth_strider":{"orderIndex":8,"color":10279935},"minecraft:soul_speed":{"orderIndex":11,"color":4273196},"mcdw:soul_siphon":{"orderIndex":56,"color":12915514},"minecraft:respiration":{"orderIndex":5,"color":8050175},"walljump:doublejump":{"orderIndex":75,"color":12915514},"mcdw:chained":{"orderIndex":41,"color":12915514},"mcdw:smiting":{"orderIndex":55,"color":12915514},"minecraft:loyalty":{"orderIndex":29,"color":7259313},"walljump:speedboost":{"orderIndex":76,"color":12915514},"mcdw:rampaging":{"orderIndex":53,"color":12915514},"mcdw:thundering":{"orderIndex":59,"color":12915514},"minecraft:protection":{"orderIndex":0,"color":10858436},"minecraft:infinity":{"orderIndex":26,"color":8084455},"mcdw:committed":{"orderIndex":42,"color":12915514},"gofish:deepfry":{"orderIndex":70,"color":12915514},"mcdw:swirling":{"orderIndex":58,"color":12915514},"minecraft:multishot":{"orderIndex":33,"color":16757505},"minecraft:channeling":{"orderIndex":32,"color":11466239}}